sample_id	molecule_type	primary_cluster_id	secondary_cluster_id	contig_id	size	gc	md5	circularity_status	rep_type(s)	rep_type_accession(s)	relaxase_type(s)	relaxase_type_accession(s)	mpf_type	mpf_type_accession(s)	orit_type(s)	orit_accession(s)	predicted_mobility	mash_nearest_neighbor	mash_neighbor_distance	mash_neighbor_identification	repetitive_dna_id	repetitive_dna_type	filtering_reason
pipolins_firmicutes_feb2022_renamed	chromosome	-	-	G_50089_0_G_50089_r_140_0:24216	24216	41.0802775024777	10f05b10d07c0e5d9d069da1cd9eb3e0	not tested	-	-	-	-	-	-	-	-	-	-	-	-	-	-	-
pipolins_firmicutes_feb2022_renamed	chromosome	-	-	G_49815_0_G_49815_r_100_0:15281	15281	41.52215169164322	d3fa2ac47958697d4f95829dce967a5c	not tested	-	-	-	-	-	-	-	-	-	-	-	-	-	-	-
pipolins_firmicutes_feb2022_renamed	chromosome	-	-	G_50090_0_G_50090_r_284_0:37286	37286	36.82883656063938	55fe5d152e1e7a1040f4bdda54beccbe	not tested	-	-	-	-	-	-	-	-	-	-	-	-	-	-	-
pipolins_firmicutes_feb2022_renamed	plasmid	AB033	AJ566	G_127954_0_G_127954_r_29_0:11984	11984	32.20961281708945	c6c34aed7c9acda1a1aade3d126c7262	not tested	-	-	-	-	-	-	-	-	-	CP030620	0.00528099	Staphylococcus aureus	-	-	-
pipolins_firmicutes_feb2022_renamed	plasmid	AB033	AJ566	G_131161_0_G_131161_p_2_0:8812	8812	32.43304584657285	497e529c64521191b1a6b4c9f799f3e9	not tested	-	-	-	-	-	-	-	-	-	CP030620	0.00528099	Staphylococcus aureus	-	-	-
pipolins_firmicutes_feb2022_renamed	chromosome	-	-	G_49723_0_G_49723_r_4_0:42961	42961	45.97425572030446	d395038e76439cd2105d1a1dfaddd703	not tested	-	-	-	-	-	-	-	-	-	-	-	-	-	-	-
pipolins_firmicutes_feb2022_renamed	plasmid	AB033	AJ566	G_132725_0_G_132725_r_53_0:8051	8051	32.91516581791082	c66a3a9d4959da57df27f44244435d0f	not tested	-	-	-	-	-	-	-	-	-	CP030620	0.00528099	Staphylococcus aureus	-	-	-
pipolins_firmicutes_feb2022_renamed	plasmid	AB033	AJ566	G_130926_0_G_130926_r_17_0:11846	11846	32.22184703697451	27ed3d760148c4db5caa026308ceeef5	not tested	-	-	-	-	-	-	-	-	-	CP030620	0.00528099	Staphylococcus aureus	-	-	-
pipolins_firmicutes_feb2022_renamed	chromosome	-	-	G_50100_0_G_50100_r_139_18613:37603	18990	39.573459715639814	4ca6f358890b53f7f71e690aefb32a9d	not tested	-	-	-	-	-	-	-	-	-	-	-	-	-	-	-
pipolins_firmicutes_feb2022_renamed	chromosome	-	-	G_49786_0_G_49786_r_151_0:7554	7554	36.80169446650781	c59c30c1622633c51b584b3d098e442d	not tested	-	-	-	-	-	-	-	-	-	-	-	-	-	-	-
pipolins_firmicutes_feb2022_renamed	chromosome	-	-	G_49661_0_G_49661_r_10_442659:504449	61790	36.059232885580194	1c08a13c16f4cf97db8637e885cb9054	not tested	-	-	-	-	-	-	-	-	-	-	-	-	-	-	-
pipolins_firmicutes_feb2022_renamed	chromosome	-	-	G_6756_0_G_6756_r_20_0:38826	38826	43.68979549786226	93a8c62ba1f037875170553b7263210e	not tested	-	-	-	-	-	-	-	-	-	-	-	-	-	-	-
pipolins_firmicutes_feb2022_renamed	chromosome	-	-	G_50113_0_G_50113_r_1_1330879:1349000	18121	34.744219413939625	934025144eb68c61b94174f4e95e3eee	not tested	-	-	-	-	-	-	-	-	-	-	-	-	-	-	-
pipolins_firmicutes_feb2022_renamed	chromosome	-	-	G_45356_0_G_45356_r_115_0:35686	35686	46.088101776607076	111fc133dafcaac43b027df3a03c2148	not tested	-	-	-	-	-	-	-	-	-	-	-	-	-	-	-
pipolins_firmicutes_feb2022_renamed	chromosome	-	-	G_50091_0_G_50091_r_65_0:17550	17550	33.82905982905983	2133bf1d081281bb70e764238f52666a	not tested	-	-	-	-	-	-	-	-	-	-	-	-	-	-	-
pipolins_firmicutes_feb2022_renamed	chromosome	-	-	G_49852_1_G_49852_r_6_16776:73966	57190	36.26158419304074	39b2c5c18d34072453af02acb39b76ff	not tested	rep_cluster_2483	CP006012	-	-	-	-	-	-	-	-	-	-	-	-	-
pipolins_firmicutes_feb2022_renamed	chromosome	-	-	G_6535_0_G_6535_r_7_2082:65183	63101	40.20855453954771	56949bc7df9e77ef9b7ee3411e6461ee	not tested	-	-	-	-	-	-	-	-	-	-	-	-	-	-	-
pipolins_firmicutes_feb2022_renamed	chromosome	-	-	G_132877_0_G_132877_r_38_0:8488	8488	34.07163053722903	3436e5ca0b285c5fea9a64626b33f3a9	not tested	-	-	-	-	-	-	-	-	-	-	-	-	-	-	-
pipolins_firmicutes_feb2022_renamed	chromosome	-	-	G_49836_0_G_49836_r_119_0:7809	7809	36.918939684978874	72d3124f465b6a3f1ab5daa9456b5d5e	not tested	-	-	-	-	-	-	-	-	-	-	-	-	-	-	-
pipolins_firmicutes_feb2022_renamed	plasmid	AB033	AJ566	G_112260_0_G_112260_r_45_0:11874	11874	32.12902139127505	576f801b25c26a95a2615175c979b364	not tested	-	-	-	-	-	-	-	-	-	CP030620	0.00528099	Staphylococcus aureus	-	-	-
pipolins_firmicutes_feb2022_renamed	plasmid	AB033	AJ566	G_129345_0_G_129345_r_27_0:8366	8366	32.85919196748745	cdc841a11fef9c444525683e8c402988	not tested	-	-	-	-	-	-	-	-	-	CP030620	0.00528099	Staphylococcus aureus	-	-	-
pipolins_firmicutes_feb2022_renamed	chromosome	-	-	G_48777_0_G_48777_r_35_15037:25687	10650	39.690140845070424	5ece6f4d788dc7b2aee1b78637c19c2b	not tested	-	-	-	-	-	-	-	-	-	-	-	-	-	-	-
pipolins_firmicutes_feb2022_renamed	plasmid	AB033	AJ566	G_129881_0_G_129881_r_57_0:8839	8839	32.39054191650639	eb04546866d304c09d73bbe26a39c82d	not tested	-	-	-	-	-	-	-	-	-	CP030620	0.00528099	Staphylococcus aureus	-	-	-
pipolins_firmicutes_feb2022_renamed	plasmid	AB033	AJ566	G_105709_0_G_105709_p_1_0:26684	26684	30.55388997151851	67303329c0799c67bf0982752c419b0d	not tested	rep_cluster_765	002243__GQ900389_00041	-	-	-	-	-	-	-	CP030620	0.00528099	Staphylococcus aureus	-	-	-
pipolins_firmicutes_feb2022_renamed	chromosome	-	-	G_49782_0_G_49782_r_13_3410:20784	17374	34.494071601243235	96f2079ab66f9e3bc9edbbfea124eac4	not tested	-	-	-	-	-	-	-	-	-	-	-	-	-	-	-
pipolins_firmicutes_feb2022_renamed	chromosome	-	-	G_50003_0_G_50003_r_60_27212:64378	37166	36.82397890545122	515effd509cc672c55211c5810d2a759	not tested	-	-	-	-	-	-	-	-	-	-	-	-	-	-	-
pipolins_firmicutes_feb2022_renamed	plasmid	AB033	AJ566	G_128949_0_G_128949_r_184_0:9935	9935	32.59184700553598	072ed66ebdc05a248790527aeeb8b589	not tested	-	-	-	-	-	-	-	-	-	CP030620	0.00528099	Staphylococcus aureus	-	-	-
pipolins_firmicutes_feb2022_renamed	chromosome	-	-	G_49909_0_G_49909_r_92_0:7459	7459	36.09062877061268	950f4ab7318150180da21c28955397f6	not tested	-	-	-	-	-	-	-	-	-	-	-	-	-	-	-
pipolins_firmicutes_feb2022_renamed	plasmid	AB033	AJ566	G_125502_0_G_125502_r_13_0:11868	11868	32.17054263565891	ae697d1673d11672e9dd6a05c03ae66b	not tested	-	-	-	-	-	-	-	-	-	CP030620	0.00528099	Staphylococcus aureus	-	-	-
pipolins_firmicutes_feb2022_renamed	plasmid	AB033	AJ566	G_131011_0_G_131011_r_20_0:8853	8853	32.40709364057382	350a5bd911ee20b515a1634d9d69b92d	not tested	-	-	-	-	-	-	-	-	-	CP030620	0.00528099	Staphylococcus aureus	-	-	-
pipolins_firmicutes_feb2022_renamed	chromosome	-	-	G_132557_0_G_132557_r_29_0:25056	25056	32.04821200510856	ea0e8962cbc8a2cb10374ff5a9a408a4	not tested	-	-	-	-	-	-	-	-	-	-	-	-	-	-	-
pipolins_firmicutes_feb2022_renamed	chromosome	-	-	G_49704_0_G_49704_r_132_0:21349	21349	40.170499789217295	cccbd12182eefb4dd04f11f60b9c808b	not tested	-	-	-	-	-	-	-	-	-	-	-	-	-	-	-
pipolins_firmicutes_feb2022_renamed	chromosome	-	-	G_49851_0_G_49851_r_18_0:29746	29746	36.78141598870436	29b3ed9810beaf0338666efd59d432bd	not tested	-	-	-	-	-	-	-	-	-	-	-	-	-	-	-
pipolins_firmicutes_feb2022_renamed	plasmid	AB033	AJ566	G_130009_0_G_130009_r_45_0:8839	8839	32.35660142550062	ce6275e0b9c2fd555e252776f757b9fd	not tested	-	-	-	-	-	-	-	-	-	CP030620	0.00528099	Staphylococcus aureus	-	-	-
pipolins_firmicutes_feb2022_renamed	chromosome	-	-	G_49921_0_G_49921_r_77_0:17192	17192	35.38273615635179	6e2e74658c0c236a01cbd507c3553880	not tested	-	-	-	-	-	-	-	-	-	-	-	-	-	-	-
pipolins_firmicutes_feb2022_renamed	chromosome	-	-	G_50067_0_G_50067_r_57_27212:64378	37166	36.82397890545122	515effd509cc672c55211c5810d2a759	not tested	-	-	-	-	-	-	-	-	-	-	-	-	-	-	-
pipolins_firmicutes_feb2022_renamed	plasmid	AB033	AJ566	G_130068_0_G_130068_r_55_0:8839	8839	32.3452879284987	9bed0179c233be5d046ee794b69b0d41	not tested	-	-	-	-	-	-	-	-	-	CP030620	0.00528099	Staphylococcus aureus	-	-	-
pipolins_firmicutes_feb2022_renamed	plasmid	AB033	AJ566	G_132588_0_G_132588_r_51_0:9973	9973	32.55790634713727	866917a07d632bcffdb76620a622a91b	not tested	-	-	-	-	-	-	-	-	-	CP030620	0.00528099	Staphylococcus aureus	-	-	-
pipolins_firmicutes_feb2022_renamed	plasmid	AB033	AJ566	G_129085_0_G_129085_r_29_0:8453	8453	32.61563941795812	60f0eb5f5667ac27555c1d6c8ffb6b5b	not tested	-	-	-	-	-	-	-	-	-	CP030620	0.00528099	Staphylococcus aureus	-	-	-
pipolins_firmicutes_feb2022_renamed	chromosome	-	-	G_49753_0_G_49753_r_38_0:12083	12083	41.339071422659934	3b47f7ed806506eefdeb8c17b216ee06	not tested	-	-	-	-	-	-	-	-	-	-	-	-	-	-	-
pipolins_firmicutes_feb2022_renamed	plasmid	AB033	AJ566	G_128837_0_G_128837_r_56_0:10240	10240	32.55859375	11917079ad5319059e573a8837e5942d	not tested	-	-	-	-	-	-	-	-	-	CP030620	0.00528099	Staphylococcus aureus	-	-	-
pipolins_firmicutes_feb2022_renamed	chromosome	-	-	G_48198_0_G_48198_r_10_0:4960	4960	32.58064516129032	e2df7f00e49b80b3b832582e2b1d8ea0	not tested	-	-	-	-	-	-	-	-	-	-	-	-	-	-	-
pipolins_firmicutes_feb2022_renamed	plasmid	AE541	AO345	G_132244_0_G_132244_r_111_0:8062	8062	35.57429918134458	96f390c9d05f0a92612ca6fc1a38369b	not tested	-	-	MOBP	NC_005006_00006	-	-	-	-	-	NC_005006	0.00631659	Staphylococcus epidermidis ATCC 12228	-	-	-
pipolins_firmicutes_feb2022_renamed	chromosome	-	-	G_50071_0_G_50071_r_24_0:12531	12531	36.77280344745032	be481869eb083cc757544f3811e77309	not tested	-	-	-	-	-	-	-	-	-	-	-	-	-	-	-
pipolins_firmicutes_feb2022_renamed	plasmid	AB033	AJ566	G_119873_0_G_119873_r_39_0:8546	8546	32.47133161713082	269591fcbbb5bff6e5f4c2e1334db504	not tested	-	-	-	-	-	-	-	-	-	CP030620	0.00528099	Staphylococcus aureus	-	-	-
pipolins_firmicutes_feb2022_renamed	chromosome	-	-	G_136525_0_G_136525_r_13_0:8277	8277	32.813821432886314	5834cba83756e342acc7b5ac4f99c0ac	not tested	-	-	-	-	-	-	-	-	-	-	-	-	-	-	-
pipolins_firmicutes_feb2022_renamed	chromosome	-	-	G_49787_0_G_49787_r_120_0:16852	16852	38.72537384286731	51f866071b44b1dcb7b50e37c56d8ec1	not tested	-	-	-	-	-	-	-	-	-	-	-	-	-	-	-
pipolins_firmicutes_feb2022_renamed	plasmid	AB033	AJ566	G_132538_0_G_132538_r_51_0:11511	11511	32.177916775258446	c8b769cc05139aaae07b2c5dcd265ff5	not tested	-	-	-	-	-	-	-	-	-	CP030620	0.00528099	Staphylococcus aureus	-	-	-
pipolins_firmicutes_feb2022_renamed	plasmid	AB033	AJ566	G_132482_0_G_132482_r_51_0:11832	11832	32.099391480730226	6434706a8991434a6df3dbd6cdfdc3ac	not tested	-	-	-	-	-	-	-	-	-	CP030620	0.00528099	Staphylococcus aureus	-	-	-
pipolins_firmicutes_feb2022_renamed	plasmid	AB033	AJ566	G_128724_0_G_128724_r_16_0:10051	10051	32.593771764003584	f9a50bd0a4e90c6a90a04c43dd8ef8a8	not tested	-	-	-	-	-	-	-	-	-	CP030620	0.00528099	Staphylococcus aureus	-	-	-
pipolins_firmicutes_feb2022_renamed	chromosome	-	-	G_49930_0_G_49930_r_29_0:30998	30998	38.51216207497258	67c2817f97aaad7dff6c9cfecbd22569	not tested	-	-	-	-	-	-	-	-	-	-	-	-	-	-	-
pipolins_firmicutes_feb2022_renamed	chromosome	-	-	G_50019_0_G_50019_r_86_0:19810	19810	34.169611307420496	59547d4647eb22e62a9f9100f15c2f92	not tested	-	-	-	-	-	-	-	-	-	-	-	-	-	-	-
pipolins_firmicutes_feb2022_renamed	chromosome	-	-	G_50090_1_G_50090_r_269_0:17842	17842	35.14740499943952	88ab82d30faba2c99fff4b0c69484235	not tested	-	-	-	-	-	-	-	-	-	-	-	-	-	-	-
pipolins_firmicutes_feb2022_renamed	plasmid	AB033	AJ566	G_128794_0_G_128794_r_30_0:11611	11611	32.19360950822496	06331d718408255b5ab085618775bb74	not tested	-	-	-	-	-	-	-	-	-	CP030620	0.00528099	Staphylococcus aureus	-	-	-
pipolins_firmicutes_feb2022_renamed	chromosome	-	-	G_50048_0_G_50048_r_25_0:37167	37167	36.82567869346463	2498f50594b9fd85f780ffd96d58104b	not tested	-	-	-	-	-	-	-	-	-	-	-	-	-	-	-
pipolins_firmicutes_feb2022_renamed	chromosome	-	-	G_131247_0_G_131247_p_5_0:12867	12867	30.91629750524598	e92094391ae84a9824520496822bf848	not tested	-	-	-	-	-	-	-	-	-	-	-	-	-	-	-
pipolins_firmicutes_feb2022_renamed	plasmid	AB033	AJ566	G_130034_0_G_130034_r_47_0:8839	8839	32.35660142550062	66e87576eefc6fe79956f2d62543ca4f	not tested	-	-	-	-	-	-	-	-	-	CP030620	0.00528099	Staphylococcus aureus	-	-	-
pipolins_firmicutes_feb2022_renamed	plasmid	AB033	AJ566	G_128746_0_G_128746_r_105_0:13713	13713	31.79464741486181	a5b6b803980912eda7b1435b32bcb1f0	not tested	-	-	-	-	-	-	-	-	-	CP030620	0.00528099	Staphylococcus aureus	-	-	-
pipolins_firmicutes_feb2022_renamed	chromosome	-	-	G_131572_0_G_131572_r_10_0:10370	10370	31.041465766634524	54ac186ad6fa35c51a5958eaa592e2c4	not tested	-	-	-	-	-	-	-	-	-	-	-	-	-	-	-
pipolins_firmicutes_feb2022_renamed	chromosome	-	-	G_49850_0_G_49850_r_110_0:7547	7547	36.78282761362131	19fe607519283127fe36e6cd2095927e	not tested	-	-	-	-	-	-	-	-	-	-	-	-	-	-	-
pipolins_firmicutes_feb2022_renamed	chromosome	-	-	G_50160_0_G_50160_r_143_0:14268	14268	35.947574992991306	92be440a02f0acd055938cc75f7ad4a3	not tested	-	-	-	-	-	-	-	-	-	-	-	-	-	-	-
pipolins_firmicutes_feb2022_renamed	plasmid	AB033	AJ566	G_136553_0_G_136553_r_8_0:9533	9533	32.675967691178016	d59e31befec8c9a2e86b37c707f1ae86	not tested	-	-	-	-	-	-	-	-	-	CP030620	0.00528099	Staphylococcus aureus	-	-	-
pipolins_firmicutes_feb2022_renamed	chromosome	-	-	G_49904_0_G_49904_r_90_0:8648	8648	34.45883441258094	1e53770a2c6a89ef6e1d9644d16fa734	not tested	-	-	-	-	-	-	-	-	-	-	-	-	-	-	-
pipolins_firmicutes_feb2022_renamed	chromosome	-	-	G_129221_0_G_129221_r_131_0:10364	10364	31.040138942493247	f97ccf031d136b989d81f7e62b16ca5b	not tested	-	-	-	-	-	-	-	-	-	-	-	-	-	-	-
pipolins_firmicutes_feb2022_renamed	plasmid	AE541	AO345	G_132206_0_G_132206_p_3_0:8007	8007	35.58136630448357	337d57a1a7a0db897284a8bab66d6e5b	not tested	-	-	MOBP	NC_005006_00006	-	-	-	-	-	NC_005006	0.00631659	Staphylococcus epidermidis ATCC 12228	-	-	-
pipolins_firmicutes_feb2022_renamed	plasmid	AB033	AJ566	G_130015_0_G_130015_r_40_0:8839	8839	32.39054191650639	eb04546866d304c09d73bbe26a39c82d	not tested	-	-	-	-	-	-	-	-	-	CP030620	0.00528099	Staphylococcus aureus	-	-	-
pipolins_firmicutes_feb2022_renamed	plasmid	AB033	AJ566	G_132579_0_G_132579_r_40_0:8914	8914	32.43212923491137	da944682746fdd90d802f7c19351a95f	not tested	-	-	-	-	-	-	-	-	-	CP030620	0.00528099	Staphylococcus aureus	-	-	-
pipolins_firmicutes_feb2022_renamed	chromosome	-	-	G_131395_0_G_131395_p_2_0:27970	27970	30.11798355380765	81182f6a2a2c06fdb927fc34bcfc9f53	not tested	rep_cluster_1215	000507__AE015933_00005	MOBQ	NC_002774_00004	-	-	-	-	-	-	-	-	-	-	-
pipolins_firmicutes_feb2022_renamed	plasmid	AB033	AJ566	G_129914_0_G_129914_r_60_0:8839	8839	32.401855413508315	f6cdaff38ec42509ca7d027e6678ae25	not tested	-	-	-	-	-	-	-	-	-	CP030620	0.00528099	Staphylococcus aureus	-	-	-
pipolins_firmicutes_feb2022_renamed	plasmid	AB033	AJ566	G_132524_0_G_132524_r_44_0:8845	8845	32.27812323346524	ac3547ca6f17937c3dc3359b0d7225e8	not tested	-	-	-	-	-	-	-	-	-	CP030620	0.00528099	Staphylococcus aureus	-	-	-
pipolins_firmicutes_feb2022_renamed	plasmid	AB033	AJ566	G_105708_0_G_105708_r_13_0:11850	11850	32.143459915611814	c3ad893fc1fb037bda374258d91969a6	not tested	-	-	-	-	-	-	-	-	-	CP030620	0.00528099	Staphylococcus aureus	-	-	-
pipolins_firmicutes_feb2022_renamed	chromosome	-	-	G_50037_0_G_50037_r_61_0:37167	37167	36.82567869346463	2498f50594b9fd85f780ffd96d58104b	not tested	-	-	-	-	-	-	-	-	-	-	-	-	-	-	-
pipolins_firmicutes_feb2022_renamed	plasmid	AB033	AJ566	G_128910_0_G_128910_r_23_0:9895	9895	32.61243052046488	e69829972d6d27fc1c654925d820391f	not tested	-	-	-	-	-	-	-	-	-	CP030620	0.00528099	Staphylococcus aureus	-	-	-
pipolins_firmicutes_feb2022_renamed	chromosome	-	-	G_49794_2_G_49794_r_19_2444:36184	33740	37.036158861885006	ffb22071f29a8b492243b4abd6e50472	not tested	-	-	-	-	-	-	-	-	-	-	-	-	-	-	-
pipolins_firmicutes_feb2022_renamed	chromosome	-	-	G_49494_0_G_49494_r_353_0:11601	11601	37.43642789414706	0bfb4ac8896eb1cfb7c747c7566172f5	not tested	-	-	-	-	-	-	-	-	-	-	-	-	-	-	-
pipolins_firmicutes_feb2022_renamed	chromosome	-	-	G_49955_0_G_49955_r_53_72524:89955	17431	33.847742527680566	5acc5743dcd3612717d530db7a46d648	not tested	-	-	-	-	-	-	-	-	-	-	-	-	-	-	-
pipolins_firmicutes_feb2022_renamed	plasmid	AB033	AJ566	G_130074_0_G_130074_r_36_0:8839	8839	32.401855413508315	f6cdaff38ec42509ca7d027e6678ae25	not tested	-	-	-	-	-	-	-	-	-	CP030620	0.00528099	Staphylococcus aureus	-	-	-
pipolins_firmicutes_feb2022_renamed	plasmid	AB033	AJ566	G_132424_0_G_132424_r_54_0:8921	8921	32.406680865373836	7a33e762e03d2dd11198a54ac1479409	not tested	-	-	-	-	-	-	-	-	-	CP030620	0.00528099	Staphylococcus aureus	-	-	-
pipolins_firmicutes_feb2022_renamed	chromosome	-	-	G_49794_1_G_49794_r_7_0:32412	32412	40.31531531531532	66bd6fa9d7610c1cacdba2128f84bbe4	not tested	-	-	-	-	-	-	-	-	-	-	-	-	-	-	-
pipolins_firmicutes_feb2022_renamed	plasmid	AB033	AJ566	G_105661_0_G_105661_p_2_0:26683	26683	30.555035041037364	285bf95cbdd6eaf3403b238d1ba26383	not tested	rep_cluster_765	002243__GQ900389_00041	-	-	-	-	-	-	-	CP030620	0.00528099	Staphylococcus aureus	-	-	-
pipolins_firmicutes_feb2022_renamed	chromosome	-	-	G_49844_0_G_49844_r_78_0:13168	13168	35.84447144592953	e49aafe7c702cc7fe2e038c5ee6b2b24	not tested	-	-	-	-	-	-	-	-	-	-	-	-	-	-	-
pipolins_firmicutes_feb2022_renamed	plasmid	AB033	AJ566	G_131009_0_G_131009_r_20_0:8853	8853	32.33932000451824	4c51d6530c5f22ff2e30a2d2368695db	not tested	-	-	-	-	-	-	-	-	-	CP030620	0.00528099	Staphylococcus aureus	-	-	-
pipolins_firmicutes_feb2022_renamed	chromosome	-	-	G_50095_0_G_50095_r_48_0:17530	17530	33.827723901882486	05561b31806a11f6a9dd73c87dcd62ca	not tested	-	-	-	-	-	-	-	-	-	-	-	-	-	-	-
pipolins_firmicutes_feb2022_renamed	chromosome	-	-	G_49892_0_G_49892_r_64_0:14122	14122	37.29641693811075	340c403141a44efdf0d71c0a45af4862	not tested	rep_cluster_2257	AJ488494	MOBP	NC_004566_00019	-	-	MOBP	NC_017719	-	-	-	-	-	-	-
pipolins_firmicutes_feb2022_renamed	plasmid	AB033	AJ566	G_131616_0_G_131616_r_20_0:10080	10080	32.67857142857143	cabc81fa67c7492d842269b87cadd411	not tested	-	-	-	-	-	-	-	-	-	CP030620	0.00528099	Staphylococcus aureus	-	-	-
pipolins_firmicutes_feb2022_renamed	chromosome	-	-	G_97256_0_G_97256_r_8_1839466:1902552	63086	40.83314840059601	73c3ff2a7a2e703e63e0cac5dbfa5b54	not tested	-	-	-	-	-	-	-	-	-	-	-	-	-	-	-
pipolins_firmicutes_feb2022_renamed	chromosome	-	-	G_6710_0_G_6710_r_31_5968:68233	62265	40.003212077411064	77dc7b9e8a7935f60e77188824c27ff4	not tested	-	-	-	-	-	-	-	-	-	-	-	-	-	-	-
pipolins_firmicutes_feb2022_renamed	chromosome	-	-	G_50030_0_G_50030_r_37_0:19165	19165	34.667362379337334	7e920284006f1396908a7e792f7c0416	not tested	-	-	-	-	-	-	-	-	-	-	-	-	-	-	-
pipolins_firmicutes_feb2022_renamed	chromosome	-	-	G_50089_1_G_50089_r_54_0:13732	13732	36.48412467229828	90e1135d93d89ea5ec37685bcce4e3b6	not tested	-	-	-	-	-	-	-	-	-	-	-	-	-	-	-
pipolins_firmicutes_feb2022_renamed	chromosome	-	-	G_136322_1_G_136322_r_81_0:14515	14515	30.0792283844299	8485e62e0c04c749bd65d11e05a8a095	not tested	-	-	-	-	-	-	-	-	-	-	-	-	-	-	-
pipolins_firmicutes_feb2022_renamed	plasmid	AB033	AJ566	G_129889_0_G_129889_r_41_0:8839	8839	32.41316891051024	df51cc1433e05b4eb90db94f633c07c0	not tested	-	-	-	-	-	-	-	-	-	CP030620	0.00528099	Staphylococcus aureus	-	-	-
pipolins_firmicutes_feb2022_renamed	chromosome	-	-	G_169371_0_G_169371_r_12_0:48268	48268	43.101019308858874	a18895a0997145a2d14f09e3257cf057	not tested	-	-	-	-	-	-	-	-	-	-	-	-	-	-	-
pipolins_firmicutes_feb2022_renamed	chromosome	-	-	G_109018_0_G_109018_r_24_0:11013	11013	31.217651865976574	187004b4b90ea43486fe41dbea029309	not tested	-	-	-	-	-	-	-	-	-	-	-	-	-	-	-
pipolins_firmicutes_feb2022_renamed	chromosome	-	-	G_49871_0_G_49871_r_9_0:5978	5978	37.50418200066912	2775d9987895d8c4507ad1bdbfde0640	not tested	-	-	-	-	-	-	-	-	-	-	-	-	-	-	-
pipolins_firmicutes_feb2022_renamed	chromosome	-	-	G_48209_0_G_48209_r_101_0:27561	27561	34.472624360509414	91dfee706b5f546b9d1c3f80b09a0457	not tested	-	-	-	-	-	-	-	-	-	-	-	-	-	-	-
pipolins_firmicutes_feb2022_renamed	plasmid	AB033	AJ566	G_136197_0_G_136197_r_55_0:10075	10075	32.58560794044665	bdc0dc67c9d27aef23efb17b9aef865c	not tested	-	-	-	-	-	-	-	-	-	CP030620	0.00528099	Staphylococcus aureus	-	-	-
pipolins_firmicutes_feb2022_renamed	chromosome	-	-	G_129276_0_G_129276_r_24_0:11278	11278	27.460542649405923	26697effeec4b2247c9dc446955d8aed	not tested	-	-	-	-	-	-	-	-	-	-	-	-	-	-	-
pipolins_firmicutes_feb2022_renamed	chromosome	-	-	G_49671_1_G_49671_r_127_0:10126	10126	34.84100335769307	1dc9e2bdd269eee5077f05cca4fa1f43	not tested	-	-	-	-	-	-	-	-	-	-	-	-	-	-	-
pipolins_firmicutes_feb2022_renamed	chromosome	-	-	G_107602_0_G_107602_r_35_0:8926	8926	33.47524086937038	042afec5e0ac98e56158fe20488d66e0	not tested	-	-	-	-	-	-	-	-	-	-	-	-	-	-	-
pipolins_firmicutes_feb2022_renamed	chromosome	-	-	G_49819_0_G_49819_r_4_3213:20587	17374	34.494071601243235	96f2079ab66f9e3bc9edbbfea124eac4	not tested	-	-	-	-	-	-	-	-	-	-	-	-	-	-	-
pipolins_firmicutes_feb2022_renamed	chromosome	-	-	G_50133_0_G_50133_r_1_1694819:1712940	18121	34.744219413939625	934025144eb68c61b94174f4e95e3eee	not tested	-	-	-	-	-	-	-	-	-	-	-	-	-	-	-
pipolins_firmicutes_feb2022_renamed	chromosome	-	-	G_107521_0_G_107521_r_30_0:8927	8927	33.4714909824129	a691f814dd17c9cca3a5507ce05464dd	not tested	-	-	-	-	-	-	-	-	-	-	-	-	-	-	-
pipolins_firmicutes_feb2022_renamed	chromosome	-	-	G_49860_1_G_49860_r_126_0:11688	11688	36.76420260095825	22d931970111441189f705faec87fb09	not tested	-	-	-	-	-	-	-	-	-	-	-	-	-	-	-
pipolins_firmicutes_feb2022_renamed	chromosome	-	-	G_49893_0_G_49893_r_65_8436:45819	37383	39.33338683358746	c9107b0ca49981199e882a4b83066d39	not tested	-	-	-	-	-	-	-	-	-	-	-	-	-	-	-
pipolins_firmicutes_feb2022_renamed	chromosome	-	-	G_49938_1_G_49938_r_8_0:37102	37102	39.67710635545254	0f45bbbd1ce3bde8d4101bf52b539e91	not tested	-	-	-	-	-	-	-	-	-	-	-	-	-	-	-
pipolins_firmicutes_feb2022_renamed	chromosome	-	-	G_99958_0_G_99958_r_6_0:56813	56813	51.07985848309366	7a634cd05c9acd329ed4be224fd95b46	not tested	-	-	-	-	-	-	-	-	-	-	-	-	-	-	-
pipolins_firmicutes_feb2022_renamed	chromosome	-	-	G_6571_0_G_6571_r_42_0:61958	61958	40.07553503986571	8991265a06776e587434f61075335376	not tested	-	-	-	-	-	-	-	-	-	-	-	-	-	-	-
pipolins_firmicutes_feb2022_renamed	plasmid	AB033	AJ566	G_129972_0_G_129972_r_46_0:8839	8839	32.37922841950447	ac0abd2c58eba37f1fcb91c3454d6010	not tested	-	-	-	-	-	-	-	-	-	CP030620	0.00528099	Staphylococcus aureus	-	-	-
pipolins_firmicutes_feb2022_renamed	chromosome	-	-	G_49796_0_G_49796_r_38_0:15050	15050	34.21926910299003	f148074d21a6b6923857f798e34900bc	not tested	-	-	-	-	-	-	-	-	-	-	-	-	-	-	-
pipolins_firmicutes_feb2022_renamed	plasmid	AB033	AJ566	G_136176_0_G_136176_r_96_0:8895	8895	32.40022484541878	4cc78ae435edaa02fc56f720c108ad92	not tested	-	-	-	-	-	-	-	-	-	CP030620	0.00528099	Staphylococcus aureus	-	-	-
pipolins_firmicutes_feb2022_renamed	plasmid	AB033	AJ566	G_105570_0_G_105570_p_1_0:23551	23551	30.321430087894356	86466f4dd3c27a29b422fc76b3dc55a0	not tested	rep_cluster_765	002243__GQ900389_00041	-	-	-	-	-	-	-	CP030620	0.00528099	Staphylococcus aureus	-	-	-
pipolins_firmicutes_feb2022_renamed	chromosome	-	-	G_49978_0_G_49978_r_59_27212:64378	37166	36.82397890545122	515effd509cc672c55211c5810d2a759	not tested	-	-	-	-	-	-	-	-	-	-	-	-	-	-	-
pipolins_firmicutes_feb2022_renamed	plasmid	AB033	AJ566	G_128856_0_G_128856_r_11_0:9915	9915	32.60716086737267	e765fb82736e6b42510c3825eb255edf	not tested	-	-	-	-	-	-	-	-	-	CP030620	0.00528099	Staphylococcus aureus	-	-	-
pipolins_firmicutes_feb2022_renamed	plasmid	AB033	AJ566	G_132500_0_G_132500_r_54_0:9983	9983	32.565361113893616	4db7d538433a76fd064e773b0dd11fbb	not tested	-	-	-	-	-	-	-	-	-	CP030620	0.00528099	Staphylococcus aureus	-	-	-
pipolins_firmicutes_feb2022_renamed	plasmid	AB033	AJ566	G_128858_0_G_128858_r_88_0:12665	12665	31.56731148835373	05ca493b81b83e9b0ee147a8f3ab0f37	not tested	-	-	-	-	-	-	-	-	-	CP030620	0.00528099	Staphylococcus aureus	-	-	-
pipolins_firmicutes_feb2022_renamed	chromosome	-	-	G_6949_0_G_6949_r_5_0:37638	37638	49.657261278495135	1d933f459fe226e5312c9c99e70af495	not tested	-	-	-	-	-	-	-	-	-	-	-	-	-	-	-
pipolins_firmicutes_feb2022_renamed	chromosome	-	-	G_109006_0_G_109006_r_30_0:10703	10703	31.122115294777164	61bcb63b5a702bd5bcd1d95bef9086c6	not tested	-	-	-	-	-	-	-	-	-	-	-	-	-	-	-
pipolins_firmicutes_feb2022_renamed	chromosome	-	-	G_49830_0_G_49830_r_3_26171:43224	17053	33.882601301823726	a7b86b3dc1a18872c6c26129c56b54f6	not tested	-	-	-	-	-	-	-	-	-	-	-	-	-	-	-
pipolins_firmicutes_feb2022_renamed	plasmid	AB033	AJ566	G_128814_0_G_128814_r_142_0:11723	11723	32.06517103130598	09af32a0758098b74dd333b2d370dc22	not tested	-	-	-	-	-	-	-	-	-	CP030620	0.00528099	Staphylococcus aureus	-	-	-
pipolins_firmicutes_feb2022_renamed	chromosome	-	-	G_50052_0_G_50052_r_18_0:17634	17634	33.16320744017239	642930638485d23ff419c50b13c81232	not tested	-	-	-	-	-	-	-	-	-	-	-	-	-	-	-
pipolins_firmicutes_feb2022_renamed	chromosome	-	-	G_49584_0_G_49584_r_52_0:36770	36770	36.14903453902638	f2e9f3d9c16cc1980e0f9ab5ff99893c	not tested	-	-	-	-	-	-	-	-	-	-	-	-	-	-	-
pipolins_firmicutes_feb2022_renamed	plasmid	AB033	AJ566	G_130023_0_G_130023_r_45_0:8839	8839	32.401855413508315	f6cdaff38ec42509ca7d027e6678ae25	not tested	-	-	-	-	-	-	-	-	-	CP030620	0.00528099	Staphylococcus aureus	-	-	-
pipolins_firmicutes_feb2022_renamed	plasmid	AB033	AJ566	G_129890_0_G_129890_r_52_0:8839	8839	32.37922841950447	ac0abd2c58eba37f1fcb91c3454d6010	not tested	-	-	-	-	-	-	-	-	-	CP030620	0.00528099	Staphylococcus aureus	-	-	-
pipolins_firmicutes_feb2022_renamed	chromosome	-	-	G_49977_0_G_49977_r_86_0:19630	19630	36.530820173204276	a1266f1328fdab58295da8af40af102e	not tested	-	-	-	-	-	-	-	-	-	-	-	-	-	-	-
pipolins_firmicutes_feb2022_renamed	chromosome	-	-	G_49887_0_G_49887_r_48_117751:135085	17334	33.95061728395062	150f9abe71d56342b05fbddebf91ade8	not tested	-	-	-	-	-	-	-	-	-	-	-	-	-	-	-
pipolins_firmicutes_feb2022_renamed	chromosome	-	-	G_49975_0_G_49975_r_111_0:17634	17634	33.16320744017239	2f92584687a251f2a4e82d24e2419de3	not tested	-	-	-	-	-	-	-	-	-	-	-	-	-	-	-
pipolins_firmicutes_feb2022_renamed	chromosome	-	-	G_49868_0_G_49868_r_21_6189:23171	16982	34.15969850429867	687cd6f8ecb9114a8b6171bb4e4e8d60	not tested	-	-	-	-	-	-	-	-	-	-	-	-	-	-	-
pipolins_firmicutes_feb2022_renamed	chromosome	-	-	G_49794_0_G_49794_r_50_0:13145	13145	37.91555724610118	d6bc5f9660aa6c9fd40ae3179e5d2667	not tested	-	-	-	-	-	-	-	-	-	-	-	-	-	-	-
pipolins_firmicutes_feb2022_renamed	chromosome	-	-	G_100718_0_G_100718_r_66_81411:144494	63083	41.32016549625097	e65ebe3637c5af23ad90e190db1671c3	not tested	-	-	-	-	-	-	-	-	-	-	-	-	-	-	-
pipolins_firmicutes_feb2022_renamed	plasmid	AB033	AJ566	G_130030_0_G_130030_r_33_0:8839	8839	32.3452879284987	cbd973fa8e838a292c9af9e7209123ec	not tested	-	-	-	-	-	-	-	-	-	CP030620	0.00528099	Staphylococcus aureus	-	-	-
pipolins_firmicutes_feb2022_renamed	chromosome	-	-	G_21819_0_G_21819_r_1_797416:860475	63059	46.06162482754246	32371da21b68d78e0a16c1c5392d55c6	not tested	-	-	-	-	-	-	-	-	-	-	-	-	-	-	-
pipolins_firmicutes_feb2022_renamed	plasmid	AE541	AO345	G_136534_0_G_136534_r_15_0:8065	8065	35.474271543707374	95d84bda3624c091136d4b9b8eb8860a	not tested	-	-	MOBP	NC_005006_00006	-	-	-	-	-	NC_005006	0.00631659	Staphylococcus epidermidis ATCC 12228	-	-	-
pipolins_firmicutes_feb2022_renamed	chromosome	-	-	G_48191_0_G_48191_r_217_0:8972	8972	34.35131520285332	565e5c1892a603d5ec1d5e6f947be042	not tested	-	-	-	-	-	-	-	-	-	-	-	-	-	-	-
pipolins_firmicutes_feb2022_renamed	plasmid	AB033	AJ566	G_128855_0_G_128855_r_79_0:10240	10240	32.55859375	11917079ad5319059e573a8837e5942d	not tested	-	-	-	-	-	-	-	-	-	CP030620	0.00528099	Staphylococcus aureus	-	-	-
pipolins_firmicutes_feb2022_renamed	chromosome	-	-	G_131542_1_G_131542_r_9_0:7743	7743	31.796461319901848	be86c01b8731bc71b73705a745c1a2a3	not tested	-	-	-	-	-	-	-	-	-	-	-	-	-	-	-
pipolins_firmicutes_feb2022_renamed	chromosome	-	-	G_49853_0_G_49853_r_25_0:30937	30937	37.06241717037851	c15972a606d40531148b4d8ac4cbad36	not tested	-	-	-	-	-	-	-	-	-	-	-	-	-	-	-
pipolins_firmicutes_feb2022_renamed	chromosome	-	-	G_46088_0_G_46088_r_34_212073:254830	42757	48.45990130271067	9196a00028bf23b752cc7dc775f1569c	not tested	-	-	-	-	-	-	-	-	-	-	-	-	-	-	-
pipolins_firmicutes_feb2022_renamed	chromosome	-	-	G_50021_0_G_50021_r_3_0:59000	59000	35.996610169491525	f31ec380385eb42bfa8b93e6b7c83556	not tested	-	-	-	-	-	-	-	-	-	-	-	-	-	-	-
pipolins_firmicutes_feb2022_renamed	chromosome	-	-	G_100623_0_G_100623_r_23_113521:176616	63095	41.377288216181945	429787112694c2f8a3aa2944ccb8ff39	not tested	-	-	-	-	-	-	-	-	-	-	-	-	-	-	-
pipolins_firmicutes_feb2022_renamed	plasmid	AB033	AJ566	G_123932_0_G_123932_r_69_0:8708	8708	32.44143316490583	8be825f2883263c3b05a8dfe65c72f0e	not tested	-	-	-	-	-	-	-	-	-	CP030620	0.00528099	Staphylococcus aureus	-	-	-
pipolins_firmicutes_feb2022_renamed	plasmid	AB033	AJ566	G_128944_0_G_128944_r_22_0:9915	9915	32.60716086737267	e765fb82736e6b42510c3825eb255edf	not tested	-	-	-	-	-	-	-	-	-	CP030620	0.00528099	Staphylococcus aureus	-	-	-
pipolins_firmicutes_feb2022_renamed	chromosome	-	-	G_131974_0_G_131974_r_18_0:7710	7710	31.84176394293126	3d9c746997a22e1dcd9228c38ba5f579	not tested	-	-	-	-	-	-	-	-	-	-	-	-	-	-	-
pipolins_firmicutes_feb2022_renamed	plasmid	AB033	AJ566	G_128900_0_G_128900_r_70_0:9922	9922	32.61439225962508	51d770d0875c02b005f505e1348b62f6	not tested	-	-	-	-	-	-	-	-	-	CP030620	0.00528099	Staphylococcus aureus	-	-	-
pipolins_firmicutes_feb2022_renamed	chromosome	-	-	G_50111_0_G_50111_r_282_16938:33228	16290	32.26519337016575	f64908455eea52b11aa5a9a2e25fb5a2	not tested	-	-	-	-	-	-	-	-	-	-	-	-	-	-	-
pipolins_firmicutes_feb2022_renamed	chromosome	-	-	G_49877_0_G_49877_r_51_157941:175102	17161	33.82087290950411	ce5821f64663ac4b0f7f40206b3bf2ee	not tested	-	-	-	-	-	-	-	-	-	-	-	-	-	-	-
pipolins_firmicutes_feb2022_renamed	plasmid	AB033	AJ566	G_128888_0_G_128888_r_8_0:9955	9955	32.546459065796085	3cff019da3d964fe96ea4b792d8faba4	not tested	-	-	-	-	-	-	-	-	-	CP030620	0.00528099	Staphylococcus aureus	-	-	-
pipolins_firmicutes_feb2022_renamed	chromosome	-	-	G_132515_0_G_132515_r_25_0:33148	33148	32.641486665862196	b26e6fdb0ceea09b3c8259796934c1ad	not tested	-	-	-	-	-	-	-	-	-	-	-	-	-	-	-
pipolins_firmicutes_feb2022_renamed	chromosome	-	-	G_49956_0_G_49956_r_149_0:7385	7385	36.073121191604606	ef2febe41842a06e92a480b592e3dcb9	not tested	-	-	-	-	-	-	-	-	-	-	-	-	-	-	-
pipolins_firmicutes_feb2022_renamed	plasmid	AB033	AJ566	G_124119_0_G_124119_r_58_0:8700	8700	32.44827586206897	295a6a84f3ac6c9ffaad4f997068a0fc	not tested	-	-	-	-	-	-	-	-	-	CP030620	0.00528099	Staphylococcus aureus	-	-	-
pipolins_firmicutes_feb2022_renamed	chromosome	-	-	G_136566_0_G_136566_p_3_0:7760	7760	32.345360824742265	4503f081e9fe78ef65572adbdf5d135e	not tested	-	-	-	-	-	-	-	-	-	-	-	-	-	-	-
pipolins_firmicutes_feb2022_renamed	chromosome	-	-	G_49593_1_G_49593_r_175_0:36014	36014	39.70122730049425	f0069115bf5fa0ccbf49cdddee04340d	not tested	-	-	-	-	-	-	-	-	-	-	-	-	-	-	-
pipolins_firmicutes_feb2022_renamed	plasmid	AB033	AJ566	G_129058_0_G_129058_r_41_0:8900	8900	32.438202247191015	be8bc7afca160bd903023a8d94a58bd4	not tested	-	-	-	-	-	-	-	-	-	CP030620	0.00528099	Staphylococcus aureus	-	-	-
pipolins_firmicutes_feb2022_renamed	chromosome	-	-	G_49907_0_G_49907_r_86_0:13857	13857	35.85913256837699	332ec6c2a5a8465629f6ad9ef625b11b	not tested	-	-	-	-	-	-	-	-	-	-	-	-	-	-	-
pipolins_firmicutes_feb2022_renamed	chromosome	-	-	G_131949_0_G_131949_r_23_0:9650	9650	30.99481865284974	d24a01b83e22151ce501752ceb87fcd7	not tested	-	-	-	-	-	-	-	-	-	-	-	-	-	-	-
pipolins_firmicutes_feb2022_renamed	chromosome	-	-	G_136482_0_G_136482_r_13_0:8277	8277	32.813821432886314	5834cba83756e342acc7b5ac4f99c0ac	not tested	-	-	-	-	-	-	-	-	-	-	-	-	-	-	-
pipolins_firmicutes_feb2022_renamed	plasmid	AB033	AJ566	G_128803_0_G_128803_r_145_0:23308	23308	32.10914707396602	52acdf4d0346a5448576c38a7770c9cc	not tested	-	-	-	-	-	-	-	-	-	CP030620	0.00528099	Staphylococcus aureus	-	-	-
pipolins_firmicutes_feb2022_renamed	plasmid	AB033	AJ566	G_128774_0_G_128774_r_100_0:11836	11836	32.096992227103755	b2d0b9a6885334b2479e8b1e11f35ec3	not tested	-	-	-	-	-	-	-	-	-	CP030620	0.00528099	Staphylococcus aureus	-	-	-
pipolins_firmicutes_feb2022_renamed	chromosome	-	-	G_50156_0_G_50156_r_31_0:16826	16826	41.60822536550577	393c295d5af491e2d9de4c8256a9f6a5	not tested	-	-	-	-	-	-	-	-	-	-	-	-	-	-	-
pipolins_firmicutes_feb2022_renamed	chromosome	-	-	G_136239_0_G_136239_r_56_0:10947	10947	32.867452270028316	dbc30b2153f1f8e9dca074312da33613	not tested	-	-	-	-	-	-	-	-	-	-	-	-	-	-	-
pipolins_firmicutes_feb2022_renamed	plasmid	AB033	AJ566	G_129010_0_G_129010_r_25_0:11869	11869	32.066728452270624	532d89efece91f830590a2faa9c9e05c	not tested	-	-	-	-	-	-	-	-	-	CP030620	0.00528099	Staphylococcus aureus	-	-	-
pipolins_firmicutes_feb2022_renamed	chromosome	-	-	G_49991_0_G_49991_r_1_1930698:1993574	62876	41.352821426299386	14dbfc2b58f2f339df06c257362cd5bb	not tested	-	-	-	-	-	-	-	-	-	-	-	-	-	-	-
pipolins_firmicutes_feb2022_renamed	plasmid	AB033	AJ566	G_130191_0_G_130191_r_30_0:8839	8839	32.39054191650639	404bf9c9e6c7c59a5ebe57bba0978869	not tested	-	-	-	-	-	-	-	-	-	CP030620	0.00528099	Staphylococcus aureus	-	-	-
pipolins_firmicutes_feb2022_renamed	chromosome	-	-	G_50055_0_G_50055_r_1_191950:210844	18894	39.65809251614269	7446d7bc89eb08e9e668710954b75289	not tested	-	-	-	-	-	-	-	-	-	-	-	-	-	-	-
pipolins_firmicutes_feb2022_renamed	chromosome	-	-	G_49885_0_G_49885_r_41_0:24790	24790	38.688987494957644	59d227253f82b41b7994ba6d7d95f49b	not tested	-	-	-	-	-	-	-	-	-	-	-	-	-	-	-
pipolins_firmicutes_feb2022_renamed	plasmid	AB033	AJ566	G_128732_0_G_128732_r_13_0:9955	9955	32.546459065796085	3cff019da3d964fe96ea4b792d8faba4	not tested	-	-	-	-	-	-	-	-	-	CP030620	0.00528099	Staphylococcus aureus	-	-	-
pipolins_firmicutes_feb2022_renamed	chromosome	-	-	G_50051_0_G_50051_r_26_124135:162721	38586	35.8912558959208	57449bbe11fd857abf480379f4b6db2a	not tested	-	-	-	-	-	-	-	-	-	-	-	-	-	-	-
pipolins_firmicutes_feb2022_renamed	plasmid	AB033	AJ566	G_129349_0_G_129349_r_27_0:7970	7970	32.7603513174404	c8c03245d78b0275ddc794ae7cfb8de5	not tested	-	-	-	-	-	-	-	-	-	CP030620	0.00528099	Staphylococcus aureus	-	-	-
pipolins_firmicutes_feb2022_renamed	plasmid	AB033	AJ566	G_128899_0_G_128899_r_3_0:9923	9923	32.61110551244583	f651b7d67c610699c4cc8bb3f5b97ca4	not tested	-	-	-	-	-	-	-	-	-	CP030620	0.00528099	Staphylococcus aureus	-	-	-
pipolins_firmicutes_feb2022_renamed	chromosome	-	-	G_49758_0_G_49758_r_46_0:10562	10562	37.65385343684908	fc20c291a4e7605e69c1d545bcb6df57	not tested	-	-	-	-	-	-	-	-	-	-	-	-	-	-	-
pipolins_firmicutes_feb2022_renamed	plasmid	AB033	AJ566	G_130950_0_G_130950_r_35_0:11900	11900	32.15126050420168	0887730f1d3c08571533cf87c69c39ee	not tested	-	-	-	-	-	-	-	-	-	CP030620	0.00528099	Staphylococcus aureus	-	-	-
pipolins_firmicutes_feb2022_renamed	chromosome	-	-	G_49671_0_G_49671_r_105_0:26844	26844	39.379377142005666	b44f24480b9eafaef54098c857d0cd91	not tested	-	-	-	-	-	-	-	-	-	-	-	-	-	-	-
pipolins_firmicutes_feb2022_renamed	chromosome	-	-	G_131451_0_G_131451_r_5_0:8656	8656	31.79297597042514	98f5894e7ab74082b1e4be1719df5f70	not tested	-	-	-	-	-	-	-	-	-	-	-	-	-	-	-
pipolins_firmicutes_feb2022_renamed	plasmid	AB033	AJ566	G_128849_0_G_128849_r_60_0:10241	10241	32.55541451030173	7539384e8903e9859e71fe96ba259faf	not tested	-	-	-	-	-	-	-	-	-	CP030620	0.00528099	Staphylococcus aureus	-	-	-
pipolins_firmicutes_feb2022_renamed	plasmid	AB033	AJ566	G_132944_0_G_132944_r_47_0:8845	8845	32.54946297343132	80d9313aa6c198f077f17e0565771646	not tested	-	-	-	-	-	-	-	-	-	CP030620	0.00528099	Staphylococcus aureus	-	-	-
pipolins_firmicutes_feb2022_renamed	chromosome	-	-	G_50017_0_G_50017_r_36_0:15414	15414	33.502011158686905	6f2c844496647ccb702525a1fd6b3058	not tested	-	-	-	-	-	-	-	-	-	-	-	-	-	-	-
pipolins_firmicutes_feb2022_renamed	plasmid	AB033	AJ566	G_136560_0_G_136560_r_9_0:9549	9549	32.66310608440674	82a425ff14edc2bdbb1fbabfb7191441	not tested	-	-	-	-	-	-	-	-	-	CP030620	0.00528099	Staphylococcus aureus	-	-	-
pipolins_firmicutes_feb2022_renamed	chromosome	-	-	G_50100_1_G_50100_r_127_0:13732	13732	36.44043110981649	6c4cf57916b5ea4f4b352bf46ea68e7f	not tested	-	-	-	-	-	-	-	-	-	-	-	-	-	-	-
pipolins_firmicutes_feb2022_renamed	plasmid	AB033	AJ566	G_130008_0_G_130008_r_42_0:8839	8839	32.37922841950447	ac0abd2c58eba37f1fcb91c3454d6010	not tested	-	-	-	-	-	-	-	-	-	CP030620	0.00528099	Staphylococcus aureus	-	-	-
pipolins_firmicutes_feb2022_renamed	chromosome	-	-	G_6812_0_G_6812_r_120_0:40097	40097	44.24021747262888	a665794b3e4df84197fd14acf4cc76ad	not tested	-	-	-	-	-	-	-	-	-	-	-	-	-	-	-
pipolins_firmicutes_feb2022_renamed	plasmid	AB033	AJ566	G_131022_0_G_131022_r_20_0:8853	8853	32.39579803456456	7ba6dad5f223f5e6ecdab5f10b68ff33	not tested	-	-	-	-	-	-	-	-	-	CP030620	0.00528099	Staphylococcus aureus	-	-	-
pipolins_firmicutes_feb2022_renamed	chromosome	-	-	G_132158_0_G_132158_r_151_0:9105	9105	28.5447556287754	df5e2076f530a7c5c204c5a2f30eb615	not tested	-	-	-	-	-	-	-	-	-	-	-	-	-	-	-
pipolins_firmicutes_feb2022_renamed	plasmid	AB033	AJ566	G_130175_0_G_130175_r_61_0:8839	8839	32.39054191650639	eb04546866d304c09d73bbe26a39c82d	not tested	-	-	-	-	-	-	-	-	-	CP030620	0.00528099	Staphylococcus aureus	-	-	-
pipolins_firmicutes_feb2022_renamed	plasmid	AE541	AO345	G_129072_0_G_129072_r_65_0:7988	7988	35.59088632949424	4d50ddcd0bce904a827d9b177f4ad1fe	not tested	-	-	MOBP	NC_005006_00006	-	-	-	-	-	NC_005006	0.00631659	Staphylococcus epidermidis ATCC 12228	-	-	-
pipolins_firmicutes_feb2022_renamed	chromosome	-	-	G_50166_0_G_50166_r_148_0:24216	24216	41.0802775024777	a098cf5602ac5ec89cbe068e5683a2a3	not tested	-	-	-	-	-	-	-	-	-	-	-	-	-	-	-
pipolins_firmicutes_feb2022_renamed	plasmid	AB033	AJ566	G_129871_0_G_129871_r_59_0:8839	8839	32.36791492250254	8229f3272d246a3a09e7384558f48127	not tested	-	-	-	-	-	-	-	-	-	CP030620	0.00528099	Staphylococcus aureus	-	-	-
pipolins_firmicutes_feb2022_renamed	chromosome	-	-	G_49852_0_G_49852_r_14_700667:763543	62876	41.22081557350977	764b09459cfed1f023ef2759ee123a7f	not tested	-	-	-	-	-	-	-	-	-	-	-	-	-	-	-
pipolins_firmicutes_feb2022_renamed	chromosome	-	-	G_50166_1_G_50166_r_61_0:13732	13732	36.48412467229828	90e1135d93d89ea5ec37685bcce4e3b6	not tested	-	-	-	-	-	-	-	-	-	-	-	-	-	-	-
pipolins_firmicutes_feb2022_renamed	plasmid	AB033	AJ566	G_105545_0_G_105545_p_1_0:32237	32237	30.030710053665043	9a77fa1b3d79a992574a84249dd0745a	not tested	rep_cluster_765	002243__GQ900389_00041	-	-	-	-	-	-	-	CP030620	0.00528099	Staphylococcus aureus	-	-	-
pipolins_firmicutes_feb2022_renamed	chromosome	-	-	G_49860_0_G_49860_r_116_0:15909	15909	41.57395185115344	aec8240f27128496e5fcc0706fc4d78f	not tested	-	-	-	-	-	-	-	-	-	-	-	-	-	-	-
pipolins_firmicutes_feb2022_renamed	plasmid	AB033	AJ566	G_130039_0_G_130039_r_41_0:8839	8839	32.39054191650639	eb04546866d304c09d73bbe26a39c82d	not tested	-	-	-	-	-	-	-	-	-	CP030620	0.00528099	Staphylococcus aureus	-	-	-
pipolins_firmicutes_feb2022_renamed	plasmid	AB033	AJ566	G_129883_0_G_129883_r_50_0:8839	8839	32.41316891051024	12bf2496c438c21fb8a1601369438c02	not tested	-	-	-	-	-	-	-	-	-	CP030620	0.00528099	Staphylococcus aureus	-	-	-
pipolins_firmicutes_feb2022_renamed	chromosome	-	-	G_49870_0_G_49870_r_132_0:7554	7554	36.80169446650781	c59c30c1622633c51b584b3d098e442d	not tested	-	-	-	-	-	-	-	-	-	-	-	-	-	-	-
pipolins_firmicutes_feb2022_renamed	chromosome	-	-	G_49908_0_G_49908_r_159_0:14122	14122	37.29641693811075	c2b1ebac8cc978d26056007ad443eddf	not tested	rep_cluster_2257	AJ488494	MOBP	NC_004566_00019	-	-	MOBP	NC_017719	-	-	-	-	-	-	-
pipolins_firmicutes_feb2022_renamed	chromosome	-	-	G_49951_0_G_49951_r_59_0:29895	29895	36.798795785248366	2e0af426198ebc95a93686e042839d9d	not tested	-	-	-	-	-	-	-	-	-	-	-	-	-	-	-
pipolins_firmicutes_feb2022_renamed	plasmid	AB033	AJ566	G_129836_0_G_129836_r_45_0:8839	8839	32.37922841950447	ac0abd2c58eba37f1fcb91c3454d6010	not tested	-	-	-	-	-	-	-	-	-	CP030620	0.00528099	Staphylococcus aureus	-	-	-
pipolins_firmicutes_feb2022_renamed	plasmid	AE541	AO345	G_136514_0_G_136514_r_6_0:8065	8065	35.67265964042157	d186e297ccbc68726e4dda1605cf8997	not tested	-	-	MOBP	NC_005006_00006	-	-	-	-	-	NC_005006	0.00631659	Staphylococcus epidermidis ATCC 12228	-	-	-
pipolins_firmicutes_feb2022_renamed	chromosome	-	-	G_49955_1_G_49955_r_56_0:20166	20166	37.10701180204304	086ebeb7e1a2f110124e5fa752a861e1	not tested	-	-	-	-	-	-	-	-	-	-	-	-	-	-	-
pipolins_firmicutes_feb2022_renamed	plasmid	AB033	AJ566	G_124008_0_G_124008_r_60_0:8684	8684	32.47351450944265	e7a7986e7dae430c0cbda3dc9cb91009	not tested	-	-	-	-	-	-	-	-	-	CP030620	0.00528099	Staphylococcus aureus	-	-	-
pipolins_firmicutes_feb2022_renamed	chromosome	-	-	G_49986_0_G_49986_r_39_0:37167	37167	36.82567869346463	2498f50594b9fd85f780ffd96d58104b	not tested	-	-	-	-	-	-	-	-	-	-	-	-	-	-	-
pipolins_firmicutes_feb2022_renamed	chromosome	-	-	G_100380_0_G_100380_r_41_0:24444	24444	40.68483063328424	1c739495ed78aa791260f01a6022181a	not tested	-	-	-	-	-	-	-	-	-	-	-	-	-	-	-
pipolins_firmicutes_feb2022_renamed	chromosome	-	-	G_49810_0_G_49810_r_53_0:32356	32356	40.4376313512177	b39a788bc0ca195d15eadcdcce20389d	not tested	-	-	-	-	-	-	-	-	-	-	-	-	-	-	-
pipolins_firmicutes_feb2022_renamed	chromosome	-	-	G_169491_0_G_169491_r_41_0:46864	46864	43.95058040286787	9c25a20411e83bf1ffd6999327f0a673	not tested	-	-	-	-	-	-	-	-	-	-	-	-	-	-	-
pipolins_firmicutes_feb2022_renamed	chromosome	-	-	G_49593_2_G_49593_r_170_0:16248	16248	38.94633185622846	b01f3517408d89313466c04ff8268c8b	not tested	-	-	-	-	-	-	-	-	-	-	-	-	-	-	-
pipolins_firmicutes_feb2022_renamed	plasmid	AE541	AO345	G_132282_0_G_132282_r_8_0:8012	8012	35.584123814278584	1c651f704bb03d973e8b18df67304585	not tested	-	-	MOBP	NC_005006_00006	-	-	-	-	-	NC_005006	0.00631659	Staphylococcus epidermidis ATCC 12228	-	-	-
pipolins_firmicutes_feb2022_renamed	plasmid	AB033	AJ566	G_129819_0_G_129819_r_51_0:8839	8839	32.35660142550062	254225c2fbe454c15a0effb1aa157229	not tested	-	-	-	-	-	-	-	-	-	CP030620	0.00528099	Staphylococcus aureus	-	-	-
pipolins_firmicutes_feb2022_renamed	chromosome	-	-	G_6583_0_G_6583_r_5_0:61525	61525	39.982121088988215	ee5326111b6eed79ce7f0a74d9e40d11	not tested	-	-	-	-	-	-	-	-	-	-	-	-	-	-	-
pipolins_firmicutes_feb2022_renamed	chromosome	-	-	G_49777_0_G_49777_r_122_0:7560	7560	36.7989417989418	c37f3454e885de8b5a3bfc39fb65eb70	not tested	-	-	-	-	-	-	-	-	-	-	-	-	-	-	-
pipolins_firmicutes_feb2022_renamed	chromosome	-	-	G_107595_0_G_107595_r_28_0:8927	8927	33.4714909824129	fa142fcd0eb95e4b2b395fcfa532a726	not tested	-	-	-	-	-	-	-	-	-	-	-	-	-	-	-
pipolins_firmicutes_feb2022_renamed	chromosome	-	-	G_49593_0_G_49593_r_198_0:8844	8844	37.607417458163724	3e689a90d40bbdd9321d922c4b06f396	not tested	-	-	-	-	-	-	-	-	-	-	-	-	-	-	-
pipolins_firmicutes_feb2022_renamed	chromosome	-	-	G_6995_0_G_6995_r_56_0:15607	15607	47.65810213365798	9c6838f38866bdefd173c2b42542ff83	not tested	-	-	-	-	-	-	-	-	-	-	-	-	-	-	-
pipolins_firmicutes_feb2022_renamed	chromosome	-	-	G_48117_0_G_48117_r_22_109623:125264	15641	35.40694329007097	3f3450f38d4900df655e1d4641ce7503	not tested	-	-	-	-	-	-	-	-	-	-	-	-	-	-	-
pipolins_firmicutes_feb2022_renamed	chromosome	-	-	G_100627_0_G_100627_r_46_28804:62634	33830	40.92521430682826	ba8e6b6c5eb2ace75eaacc170836eada	not tested	-	-	-	-	-	-	-	-	-	-	-	-	-	-	-
pipolins_firmicutes_feb2022_renamed	chromosome	-	-	G_49938_0_G_49938_r_3_0:53999	53999	39.439619252208374	f466882bb54c565a057a84e6b92c108b	not tested	-	-	-	-	-	-	-	-	-	-	-	-	-	-	-
pipolins_firmicutes_feb2022_renamed	chromosome	-	-	G_50099_0_G_50099_r_128_0:14268	14268	35.947574992991306	d93f8c1c31172b7cbc348a655b6c30e3	not tested	-	-	-	-	-	-	-	-	-	-	-	-	-	-	-
pipolins_firmicutes_feb2022_renamed	plasmid	AE541	AO345	G_136526_0_G_136526_r_6_0:8065	8065	35.375077495350276	ad2e8165a94918035a475dad0965ed7a	not tested	-	-	MOBP	NC_005006_00006	-	-	-	-	-	NC_005006	0.00631659	Staphylococcus epidermidis ATCC 12228	-	-	-
pipolins_firmicutes_feb2022_renamed	chromosome	-	-	G_48873_0_G_48873_r_54_49537:58147	8610	39.91869918699187	2bb92b2ab8e469b68c3bd19001879903	not tested	-	-	-	-	-	-	-	-	-	-	-	-	-	-	-
pipolins_firmicutes_feb2022_renamed	plasmid	AB033	AJ566	G_124016_0_G_124016_r_127_0:11567	11567	31.745482839111265	bd6ee8b91975e17254a98937191edee6	not tested	-	-	-	-	-	-	-	-	-	CP030620	0.00528099	Staphylococcus aureus	-	-	-
pipolins_firmicutes_feb2022_renamed	plasmid	AB033	AJ566	G_129848_0_G_129848_r_48_0:8839	8839	32.37922841950447	ac0abd2c58eba37f1fcb91c3454d6010	not tested	-	-	-	-	-	-	-	-	-	CP030620	0.00528099	Staphylococcus aureus	-	-	-
pipolins_firmicutes_feb2022_renamed	plasmid	AB033	AJ566	G_128877_0_G_128877_r_86_0:10240	10240	32.55859375	30992ca031e63ce392a7020d3b59256a	not tested	-	-	-	-	-	-	-	-	-	CP030620	0.00528099	Staphylococcus aureus	-	-	-
pipolins_firmicutes_feb2022_renamed	plasmid	AB033	AJ566	G_130017_0_G_130017_r_47_0:8839	8839	32.35660142550062	66e87576eefc6fe79956f2d62543ca4f	not tested	-	-	-	-	-	-	-	-	-	CP030620	0.00528099	Staphylococcus aureus	-	-	-
pipolins_firmicutes_feb2022_renamed	plasmid	AB033	AJ566	G_129022_0_G_129022_r_25_0:8877	8877	32.22935676467275	30aaaef7dfe10a8f8da16e46bef1b6da	not tested	-	-	-	-	-	-	-	-	-	CP030620	0.00528099	Staphylococcus aureus	-	-	-
pipolins_firmicutes_feb2022_renamed	chromosome	-	-	G_48831_0_G_48831_r_12_1213:9823	8610	39.91869918699187	2bb92b2ab8e469b68c3bd19001879903	not tested	-	-	-	-	-	-	-	-	-	-	-	-	-	-	-
pipolins_firmicutes_feb2022_renamed	chromosome	-	-	G_49887_1_G_49887_r_61_0:21578	21578	36.34257113726944	bbbb89cb49db6148a04a122aa4c525b4	not tested	-	-	-	-	-	-	-	-	-	-	-	-	-	-	-
pipolins_firmicutes_feb2022_renamed	chromosome	-	-	G_49984_0_G_49984_r_65_0:17550	17550	33.82905982905983	2133bf1d081281bb70e764238f52666a	not tested	-	-	-	-	-	-	-	-	-	-	-	-	-	-	-
pipolins_firmicutes_feb2022_renamed	chromosome	-	-	G_50173_0_G_50173_r_134_0:17658	17658	33.82602786272511	10e20cbd2164ead9ec65f51f1a817b38	not tested	-	-	-	-	-	-	-	-	-	-	-	-	-	-	-
pipolins_firmicutes_feb2022_renamed	chromosome	-	-	G_132420_0_G_132420_r_39_0:21127	21127	30.984048847446395	e489e58915a9915d4b7429ef7e46f8eb	not tested	-	-	-	-	-	-	-	-	-	-	-	-	-	-	-
pipolins_firmicutes_feb2022_renamed	plasmid	AB033	AJ566	G_124259_0_G_124259_r_24_0:8846	8846	32.432737960660184	8c8c19eec0d4b2d4520645a53d10d455	not tested	-	-	-	-	-	-	-	-	-	CP030620	0.00528099	Staphylococcus aureus	-	-	-
pipolins_firmicutes_feb2022_renamed	plasmid	AB033	AJ566	G_149386_0_G_149386_r_23_0:8857	8857	32.29084340070001	2805297576717e8656b7ddef2e419c8f	not tested	-	-	-	-	-	-	-	-	-	CP030620	0.00528099	Staphylococcus aureus	-	-	-
pipolins_firmicutes_feb2022_renamed	chromosome	-	-	G_50057_0_G_50057_r_10_0:38587	38587	35.8877342110037	6edf784e994cb52440405511218c7ebd	not tested	-	-	-	-	-	-	-	-	-	-	-	-	-	-	-
pipolins_firmicutes_feb2022_renamed	plasmid	AB033	AJ566	G_130249_0_G_130249_r_31_0:8839	8839	32.39054191650639	404bf9c9e6c7c59a5ebe57bba0978869	not tested	-	-	-	-	-	-	-	-	-	CP030620	0.00528099	Staphylococcus aureus	-	-	-
pipolins_firmicutes_feb2022_renamed	chromosome	-	-	G_49864_0_G_49864_r_41_175177:192336	17159	33.97051110204557	92eda19aae2fc22d781894d158319fa0	not tested	-	-	-	-	-	-	-	-	-	-	-	-	-	-	-
pipolins_firmicutes_feb2022_renamed	chromosome	-	-	G_132856_0_G_132856_r_76_0:8520	8520	32.98122065727699	4c1d5b92d08d6a95d455efca99b675c6	not tested	-	-	-	-	-	-	-	-	-	-	-	-	-	-	-
pipolins_firmicutes_feb2022_renamed	chromosome	-	-	G_49792_0_G_49792_r_56_0:13168	13168	35.84447144592953	e49aafe7c702cc7fe2e038c5ee6b2b24	not tested	-	-	-	-	-	-	-	-	-	-	-	-	-	-	-
pipolins_firmicutes_feb2022_renamed	chromosome	-	-	G_6979_0_G_6979_r_79_0:38563	38563	51.0748645074294	ea2dbdcf49a3a01942b6a7bae6cc62fd	not tested	-	-	-	-	-	-	-	-	-	-	-	-	-	-	-
pipolins_firmicutes_feb2022_renamed	plasmid	AB033	AJ566	G_129887_0_G_129887_r_46_0:8839	8839	32.33397443149678	2fa57aa791a71c2ff7a49bc8741fd172	not tested	-	-	-	-	-	-	-	-	-	CP030620	0.00528099	Staphylococcus aureus	-	-	-
